d1e132;B
d1e156;
d1e181;B
d1e188;B
d1e193;B
d1e201;R
d1e207;
d1e210;R
d1e215;R
d1e220;R
d1e249;B
d1e252;B
d1e257;B
d1e264;R
d1e270;
d1e291;R
d1e296;R
d1e301;R
d1e304;R
d1e312;R
d1e345;R
d1e350;R
d1e355;R
d1e363;R
d1e368;R
d1e382;B
d1e389;B
d1e394;R
d1e400;R
d1e409;R
d1e414;R
d1e421;R
d1e426;
d1e432;R
d1e439;
d1e444;R
d1e449;G
d1e457;R
d1e462;R
d1e489;B
d1e494;B
d1e499;B
d1e504;B
d1e510;B
d1e517;B
d1e522;B
d1e527;G
d1e534;G
d1e540;R
d1e545;G
d1e550;G
d1e555;B
d1e560;
d1e566;G
d1e571;B
d1e578;B
d1e581;B
d1e588;G
d1e591;B
d1e599;B
d1e604;B
d1e609;B
d1e616;B
d1e623;B
d1e628;B
d1e633;B
d1e640;B
d1e645;B
d1e652;B
d1e658;B
d1e665;B
d1e670;B
d1e675;B
d1e680;G
d1e686;MULTI
d1e691;G
d1e696;B
d1e703;B
d1e708;B
d1e716;B
d1e721;G
d1e726;B
d1e731;B
d1e736;B
d1e740;B
d1e747;B
d1e754;B
d1e759;G
d1e766;G
d1e771;G
d1e779;G
d1e784;B
d1e793;G
d1e798;G
d1e806;R
d1e809;
d1e812;R
d1e838;B
d1e843;B
d1e848;R
d1e855;B
d1e859;B
d1e866;B
d1e871;B
d1e878;B
d1e883;B
d1e890;B
d1e896;R
d1e903;B
d1e908;B
d1e913;B
d1e920;
d1e924;B
d1e929;B
d1e934;B
d1e942;B
d1e947;B
d1e953;B
d1e960;
d1e963;G
d1e968;R
d1e975;
d1e978;B
d1e984;B
d1e991;R
d1e996;B
d1e1001;B
d1e1006;B
d1e1014;B
d1e1021;G
d1e1026;R
d1e1031;R
d1e1036;R
d1e1042;R
d1e1049;R
d1e1054;R
d1e1061;R
d1e1066;G
d1e1072;R
d1e1079;R
d1e1084;
d1e1087;R
d1e1094;R
d1e1099;R
d1e1123;R
d1e1128;R
d1e1133;R
d1e1138;R
d1e1146;R
d1e1151;R
d1e1156;R
d1e1163;R
d1e1170;R
d1e1174;R
d1e1179;R
d1e1182;R
d1e1187;R
d1e1195;R
d1e1200;R
d1e1207;R
d1e1212;R
d1e1222;R
d1e1228;R
d1e1234;R
d1e1239;R
d1e1246;R
d1e1251;R
d1e1258;R
d1e1269;R
d1e1276;R
d1e1279;R
d1e1286;R
d1e1292;R
d1e1302;R
d1e1307;G
d1e1330;R
d1e1335;R
d1e1340;B
d1e1345;B
d1e1351;R
d1e1356;
d1e1363;B
d1e1371;B
d1e1378;B
d1e1384;
d1e1390;B
d1e1397;B
d1e1402;R
d1e1405;G
d1e1427;
d1e1430;R
d1e1433;
d1e1439;
d1e1451;G
d1e1458;B
d1e1463;G
d1e1470;R
d1e1489;R
d1e1500;G
d1e1506;R
d1e1531;B
d1e1536;R
d1e1541;R
d1e1548;R
d1e1556;R
d1e1561;R
d1e1564;R
d1e1571;R
d1e1576;G
d1e1585;R
d1e1592;
d1e1595;R
d1e1600;G
d1e1608;R
d1e1616;R
d1e1621;
d1e1626;B
d1e1633;G
d1e1636;G
d1e1643;
d1e1648;R
d1e1653;R
d1e1658;
d1e1664;
d1e1667;G
d1e1673;R
d1e1680;G
d1e1686;G
d1e1694;G
d1e1701;G
d1e1709;
d1e1712;G
d1e1720;R
d1e1726;G
d1e1734;G
d1e1742;G
d1e1748;G
d1e1756;G
d1e1765;R
d1e1770;G
d1e1776;R
d1e1781;R
d1e1788;G
d1e1795;R
d1e1800;G
d1e1810;R
d1e1815;G
d1e1825;B
d1e1831;
d1e1834;R
d1e1841;R
d1e1846;R
d1e1851;R
d1e1859;R
d1e1864;G
d1e1872;R
d1e1877;G
d1e1885;G
d1e1894;G
d1e1900;R
d1e1907;G
d1e1912;
d1e1918;
d1e1921;B
d1e1926;R
d1e1933;R
d1e1938;G
d1e1947;R
d1e1952;G
d1e1960;R
d1e1963;R
d1e1970;G
d1e1976;R
d1e1984;R
d1e1989;G
d1e1998;G
d1e2004;G
d1e2009;G
d1e2036;R
d1e2043;R
d1e2059;B
d1e2072;
d1e2077;R
d1e2091;G
d1e2098;G
d1e2108;R
d1e2123;R
d1e2128;G
d1e2135;B
d1e2142;B
d1e2148;B
d1e2155;B
d1e2160;B
d1e2163;G
d1e2170;B
d1e2178;B
d1e2183;B
d1e2190;B
d1e2197;B
d1e2202;G
d1e2207;B
d1e2216;B
d1e2225;R
d1e2228;G
d1e2233;B
d1e2240;G
d1e2245;B
d1e2253;B
d1e2258;B
d1e2263;B
d1e2268;G
d1e2274;R
d1e2279;G
d1e2284;G
d1e2291;B
d1e2296;B
d1e2302;B
d1e2309;B
d1e2314;B
d1e2317;B
d1e2324;B
d1e2330;R
d1e2337;
d1e2340;G
d1e2345;B
d1e2350;B
d1e2357;B
d1e2361;B
d1e2368;B
d1e2371;
d1e2376;R
d1e2381;R
d1e2389;B
d1e2394;R
d1e2401;B
d1e2406;R
d1e2414;B
d1e2421;B
d1e2428;G
d1e2433;R
d1e2441;R
d1e2446;G
d1e2453;
d1e2456;
d1e2459;R
d1e2467;B
d1e2470;B
d1e2480;B
d1e2483;B
d1e2488;B
d1e2492;R
d1e2497;
d1e2502;B
d1e2505;B
d1e2510;
d1e2517;B
d1e2520;R
d1e2527;
d1e2530;
d1e2537;R
d1e2544;G
d1e2552;G
d1e2557;B
d1e2565;
d1e2573;B
d1e2576;G
d1e2582;G
d1e2585;B
d1e2592;B
d1e2595;G
d1e2600;
d1e2606;R
d1e2609;
d1e2614;
d1e2617;G
d1e2624;
d1e2650;R
d1e2658;R
d1e2661;R
d1e2669;R
d1e2674;R
d1e2681;R
d1e2686;G
d1e2691;R
d1e2697;R
d1e2704;R
d1e2709;R
d1e2714;
d1e2720;
d1e2725;R
d1e2729;G
d1e2734;G
d1e2739;R
d1e2744;R
d1e2747;R
d1e2753;B
d1e2758;R
d1e2764;G
d1e2769;G
d1e2780;G
d1e2785;G
d1e2788;G
d1e2795;G
d1e2798;G
d1e2804;G
d1e2809;G
d1e2814;G
d1e2817;B
d1e2823;G
d1e2829;G
d1e2837;G
d1e2840;
d1e2845;G
d1e2849;G
d1e2852;
d1e2857;
d1e2878;R
d1e2885;R
d1e2898;
d1e2903;R
d1e2917;G
d1e2920;
d1e2923;B
d1e2928;B
d1e2936;G
d1e2943;B
d1e2948;R
d1e2955;
d1e2968;B
d1e2976;B
d1e2987;B
d1e2995;R
d1e3003;R
d1e3008;G
d1e3011;R
d1e3014;B
d1e3025;B
d1e3033;R
d1e3036;B
d1e3043;B
d1e3048;R
d1e3056;R
d1e3064;G
d1e3071;R
d1e3095;R
d1e3100;R
d1e3105;R
d1e3113;R
d1e3116;R
d1e3121;R
d1e3126;R
d1e3131;R
d1e3138;R
d1e3142;
d1e3149;R
d1e3154;
d1e3160;R
d1e3167;R
d1e3173;R
d1e3178;R
d1e3185;R
d1e3190;
d1e3195;R
d1e3204;R
d1e3209;R
d1e3216;G
d1e3221;G
d1e3224;G
d1e3229;R
d1e3235;R
d1e3264;R
d1e3271;R
d1e3280;R
d1e3290;R
d1e3297;G
d1e3311;G
d1e3319;B
d1e3332;B
d1e3339;R
d1e3347;R
d1e3355;G
d1e3361;G
d1e3378;R
d1e3394;R
d1e3402;R
d1e3409;R
d1e3414;G
d1e3427;G
d1e3435;G
d1e3440;G
d1e3449;R
d1e3456;R
d1e3461;
d1e3467;R
d1e3476;R
d1e3483;G
d1e3492;G
d1e3500;G
d1e3511;B
d1e3517;B
d1e3527;G
d1e3537;G
d1e3551;G
d1e3557;G
d1e3562;R
d1e3570;G
d1e3576;R
d1e3581;
d1e3584;R
d1e3591;R
d1e3596;G
d1e3602;G
d1e3610;MULTI
d1e3620;G
d1e3625;G
d1e3631;G
d1e3637;R
d1e3644;B
d1e3649;R
d1e3657;
d1e3663;G
d1e3668;R
d1e3673;G
d1e3679;
d1e3685;R
d1e3690;
d1e3693;B
d1e3698;MULTI
d1e3709;G
d1e3718;R
d1e3726;R
d1e3732;
d1e3738;
d1e3743;
d1e3747;G
d1e3753;R
d1e3758;
d1e3763;R
d1e3768;R
d1e3775;
d1e3779;
d1e3782;
d1e3787;R
d1e3792;R
d1e3799;
d1e3802;G
d1e3811;G
d1e3823;G
d1e3828;G
d1e3833;G
d1e3839;G
d1e3850;G
d1e3858;B
d1e3865;B
d1e3870;R
d1e3875;B
d1e3881;
d1e3889;B
d1e3894;R
d1e3902;B
d1e3907;G
d1e3916;G
d1e3921;G
d1e3931;B
d1e3936;B
d1e3942;G
d1e3947;G
d1e3955;R
d1e3962;
d1e3965;R
d1e3974;G
d1e3982;R
d1e3989;G
d1e3995;G
d1e4005;G
d1e4008;G
d1e4017;
d1e4020;G
d1e4025;G
d1e4033;G
d1e4038;G
d1e4044;R
d1e4051;R
d1e4056;R
d1e4063;R
d1e4068;G
d1e4077;
d1e4080;G
d1e4088;R
d1e4093;R
d1e4096;G
d1e4104;G
d1e4111;R
d1e4116;R
d1e4121;B
d1e4128;G
d1e4132;G
d1e4135;G
d1e4140;G
d1e4143;G
d1e4146;
d1e4152;G
d1e4155;G
d1e4158;G
d1e4163;G
d1e4166;G
d1e4173;R
d1e4179;G
d1e4184;G
d1e4192;G
d1e4198;R
d1e4225;
d1e4230;G
d1e4238;B
d1e4249;G
d1e4262;
d1e4267;G
d1e4273;G
d1e4280;G
d1e4292;G
d1e4299;G
d1e4307;G
d1e4312;
d1e4319;
d1e4327;R
d1e4334;G
d1e4341;R
d1e4351;R
d1e4362;G
d1e4373;B
d1e4388;G
d1e4395;G
d1e4398;G
d1e4404;G
d1e4409;B
d1e4412;MULTI
d1e4415;G
d1e4418;G
d1e4424;B
d1e4427;G
d1e4430;
d1e4433;
d1e4438;G
d1e4442;
d1e4445;R
d1e4450;G
d1e4453;R
d1e4458;G
d1e4462;B
d1e4465;R
d1e4468;B
d1e4473;
d1e4479;B
d1e4483;B
d1e4486;
d1e4491;B
d1e4494;G
d1e4497;G
d1e4500;B
d1e4506;G
d1e4511;G
d1e4516;
d1e4519;G
d1e4522;R
d1e4527;
d1e4531;B
d1e4536;G
d1e4539;R
d1e4542;
d1e4547;G
d1e4550;B
d1e4554;B
d1e4559;G
d1e4564;MULTI
d1e4567;MULTI
d1e4572;MULTI
d1e4578;MULTI
d1e4586;MULTI
d1e4591;MULTI
d1e4606;MULTI
d1e4611;G
d1e4619;B
d1e4623;G
d1e4630;G
d1e4635;G
d1e4640;G
d1e4645;R
d1e4651;B
d1e4656;G
d1e4659;MULTI
d1e4662;B
d1e4667;G
d1e4673;G
d1e4680;G
d1e4683;G
d1e4690;G
d1e4695;
d1e4702;
d1e4707;G
d1e4712;G
d1e4718;G
d1e4728;
d1e4735;B
d1e4742;G
d1e4750;B
d1e4758;R
d1e4764;B
d1e4775;B
d1e4783;B
d1e4793;B
d1e4796;
d1e4802;G
d1e4811;
d1e4817;R
d1e4822;MULTI
d1e4827;MULTI
d1e4833;
d1e4836;B
d1e4843;G
d1e4848;G
d1e4851;B
d1e4859;G
d1e4864;B
d1e4871;B
d1e4876;B
d1e4883;G
d1e4891;G
d1e4896;G
d1e4920;R
d1e4923;G
d1e4926;
d1e4931;
d1e4935;
d1e4940;
d1e4943;R
d1e4948;R
d1e4955;R
d1e4959;G
d1e4964;G
d1e4971;R
d1e4974;MULTI
d1e4979;R
d1e4985;MULTI
d1e4988;G
d1e4995;G
d1e5000;R
d1e5008;
d1e5011;R
d1e5019;R
d1e5024;R
d1e5031;G
d1e5036;R
d1e5042;R
d1e5045;R
d1e5048;R
d1e5053;R
d1e5060;R
d1e5067;G
d1e5073;R
d1e5078;R
d1e5081;R
d1e5087;G
d1e5092;G
d1e5097;R
d1e5100;
d1e5105;R
d1e5109;R
d1e5114;R
d1e5117;R
d1e5124;
d1e5130;R
d1e5134;
d1e5148;
d1e5151;G
d1e5156;R
d1e5161;R
d1e5167;R
d1e5172;R
d1e5177;R
d1e5184;R
d1e5189;R
d1e5195;R
d1e5198;B
d1e5209;R
d1e5214;R
d1e5220;G
d1e5225;R
d1e5233;R
d1e5238;R
d1e5244;R
d1e5251;R
d1e5277;R
d1e5288;G
d1e5302;
d1e5309;R
d1e5319;G
d1e5330;G
d1e5335;G
d1e5345;G
d1e5354;G
d1e5363;R
d1e5375;G
d1e5390;R
d1e5395;G
d1e5400;G
d1e5408;R
d1e5413;G
d1e5416;R
d1e5423;B
d1e5430;
d1e5434;R
d1e5439;B
d1e5446;R
d1e5451;
d1e5454;B
d1e5461;B
d1e5467;R
d1e5474;G
d1e5479;B
d1e5486;B
d1e5493;B
d1e5499;B
d1e5502;B
d1e5505;R
d1e5512;B
d1e5517;B
d1e5523;G
d1e5526;R
d1e5533;MULTI
d1e5540;R
d1e5546;R
d1e5549;G
d1e5557;R
d1e5562;G
d1e5569;B
d1e5574;B
d1e5579;B
d1e5585;G
d1e5593;
d1e5599;G
d1e5604;MULTI
d1e5609;B
d1e5617;G
d1e5620;
d1e5625;G
d1e5635;G
d1e5642;B
d1e5649;G
d1e5654;R
d1e5661;
d1e5670;R
d1e5676;B
d1e5684;G
d1e5689;B
d1e5699;B
d1e5702;G
d1e5706;
d1e5713;G
d1e5716;B
d1e5721;B
d1e5726;G
d1e5732;B
d1e5735;B
d1e5740;B
d1e5745;B
d1e5752;
d1e5758;
d1e5765;G
d1e5776;
d1e5782;G
d1e5788;
d1e5793;B
d1e5797;G
d1e5800;B
d1e5805;G
d1e5810;B
d1e5813;B
d1e5819;R
d1e5822;
d1e5827;G
d1e5834;B
d1e5841;B
d1e5846;
d1e5850;R
d1e5855;B
d1e5858;B
d1e5865;B
d1e5868;R
d1e5873;B
d1e5879;R
d1e5886;B
d1e5893;R
d1e5919;R
d1e5922;
d1e5925;R
d1e5928;R
d1e5934;
d1e5937;B
d1e5940;
d1e5943;R
d1e5946;
d1e5950;
d1e5955;
d1e5958;
d1e5961;
d1e5964;
d1e5967;G
d1e5971;
d1e5976;
d1e5979;
d1e5986;
d1e5989;G
d1e5998;G
d1e6001;R
d1e6006;B
d1e6014;
d1e6018;R
d1e6023;MULTI
d1e6026;G
d1e6029;G
d1e6037;R
d1e6043;R
d1e6046;R
d1e6049;
d1e6052;R
d1e6057;R
d1e6065;G
d1e6068;R
d1e6071;G
d1e6076;R
d1e6100;
d1e6108;G
d1e6114;R
d1e6129;
d1e6134;G
d1e6146;G
d1e6154;G
d1e6163;
d1e6173;
d1e6181;
d1e6187;
d1e6195;
d1e6200;G
d1e6206;G
d1e6214;R
d1e6233;G
d1e6241;R
d1e6255;G
d1e6281;R
d1e6286;R
d1e6289;B
d1e6295;G
d1e6302;G
d1e6308;B
d1e6315;G
d1e6320;B
d1e6326;B
d1e6329;
d1e6334;B
d1e6339;G
d1e6346;B
d1e6351;R
d1e6354;
d1e6357;B
d1e6363;B
d1e6369;
d1e6372;G
d1e6380;R
d1e6383;G
d1e6392;R
d1e6397;R
d1e6404;B
d1e6409;B
d1e6416;
d1e6425;G
d1e6435;G
d1e6445;B
d1e6450;B
d1e6454;B
d1e6457;B
d1e6462;G
d1e6467;B
d1e6474;B
d1e6479;B
d1e6488;R
d1e6493;B
d1e6501;R
d1e6506;B
d1e6512;B
d1e6519;G
d1e6522;G
d1e6527;B
d1e6535;B
d1e6539;B
d1e6544;B
d1e6549;B
d1e6556;B
d1e6563;B
d1e6572;B
d1e6577;R
d1e6590;B
d1e6593;G
d1e6599;B
d1e6605;G
d1e6608;B
d1e6613;B
d1e6616;B
d1e6628;G
d1e6635;R
d1e6638;R
d1e6641;
d1e6647;B
d1e6653;R
d1e6658;B
d1e6666;G
d1e6674;G
d1e6679;G
d1e6684;B
d1e6688;B
d1e6696;B
d1e6723;
d1e6734;
d1e6745;R
d1e6750;G
d1e6763;G
d1e6771;G
d1e6778;R
d1e6789;G
d1e6797;G
d1e6805;G
d1e6810;G
d1e6816;G
d1e6823;G
d1e6847;B
d1e6852;G
d1e6855;MULTI
d1e6861;R
d1e6870;R
d1e6879;R
d1e6884;R
d1e6887;R
d1e6892;
d1e6899;R
d1e6906;B
d1e6914;B
d1e6919;B
d1e6922;G
d1e6934;B
d1e6940;R
d1e6952;G
d1e6962;R
d1e6968;G
d1e6971;B
d1e6976;R
d1e6986;B
d1e7000;B
d1e7004;
d1e7007;B
d1e7012;R
d1e7017;G
d1e7023;R
d1e7026;R
d1e7032;R
d1e7040;B
d1e7045;
d1e7048;
d1e7051;
d1e7060;G
d1e7065;G
d1e7070;
d1e7076;G
d1e7081;B
d1e7085;G
d1e7093;G
d1e7109;MULTI
d1e7117;R
d1e7124;B
d1e7131;B
d1e7142;B
d1e7147;R
d1e7154;G
d1e7157;B
d1e7164;B
d1e7169;R
d1e7176;B
d1e7181;R
d1e7189;G
d1e7194;B
d1e7199;R
d1e7206;
d1e7211;B
d1e7218;
d1e7226;B
d1e7232;B
d1e7239;B
d1e7246;G
d1e7254;R
d1e7257;G
d1e7262;B
d1e7270;R
d1e7273;B
d1e7280;B
d1e7288;B
d1e7293;B
d1e7296;B
d1e7316;G
d1e7328;R
d1e7336;
d1e7341;G
d1e7346;
d1e7352;R
d1e7359;R
d1e7364;G
d1e7376;R
d1e7383;R
d1e7394;B
d1e7401;G
d1e7406;G
d1e7412;R
d1e7415;R
d1e7420;B
d1e7425;R
d1e7430;R
d1e7436;G
d1e7441;B
d1e7446;G
d1e7449;B
d1e7455;B
d1e7458;B
d1e7463;B
d1e7470;B
d1e7475;B
d1e7486;R
d1e7489;G
d1e7494;B
d1e7501;G
d1e7507;B
d1e7518;
d1e7521;R
d1e7538;
d1e7541;G
d1e7546;B
d1e7555;G
d1e7563;
d1e7571;B
d1e7578;B
d1e7581;B
d1e7589;B
d1e7596;G
d1e7605;G
d1e7610;R
d1e7617;R
d1e7623;B
d1e7630;R
d1e7635;B
d1e7640;R
d1e7643;R
d1e7648;R
d1e7656;B
d1e7664;
d1e7672;R
d1e7675;B
d1e7682;B
d1e7693;R
d1e7698;G
d1e7709;G
d1e7716;B
d1e7723;
d1e7727;R
d1e7732;
d1e7739;B
d1e7742;
d1e7745;G
d1e7754;G
d1e7765;R
d1e7768;G
d1e7778;B
d1e7785;R
d1e7788;B
d1e7796;G
d1e7803;B
d1e7808;G
d1e7813;B
d1e7818;G
d1e7825;R
d1e7829;R
d1e7834;B
d1e7839;
d1e7842;
d1e7848;B
d1e7856;B
d1e7861;R
d1e7882;G
d1e7898;
d1e7907;
d1e7915;
d1e7923;
d1e7932;R
d1e7942;
d1e7954;G
d1e7967;R
d1e7976;R
d1e7985;G
d1e7991;R
d1e7999;R
d1e8004;
d1e8010;R
d1e8015;G
d1e8020;R
d1e8026;G
d1e8031;G
d1e8044;G
d1e8052;G
d1e8065;G
d1e8075;R
d1e8088;R
d1e8093;R
d1e8098;G
d1e8103;B
d1e8111;
d1e8119;
d1e8125;G
d1e8130;R
d1e8133;G
d1e8142;B
d1e8148;B
d1e8151;B
d1e8157;
d1e8163;B
d1e8168;R
d1e8171;G
d1e8182;B
d1e8190;G
d1e8199;
d1e8202;G
d1e8208;
d1e8213;G
d1e8218;G
d1e8223;R
d1e8231;
d1e8234;B
d1e8244;
d1e8249;R
d1e8252;G
d1e8258;B
d1e8263;G
d1e8268;B
d1e8273;G
d1e8279;G
d1e8282;
d1e8288;R
d1e8296;G
d1e8301;B
d1e8310;G
d1e8313;B
d1e8318;G
d1e8323;B
d1e8328;G
d1e8335;B
d1e8343;B
d1e8348;
d1e8351;B
d1e8357;B
d1e8364;G
d1e8370;B
d1e8377;B
d1e8384;R
d1e8391;
d1e8397;R
d1e8405;R
d1e8410;R
d1e8413;B
d1e8420;G
d1e8426;G
d1e8431;G
d1e8438;G
d1e8445;
d1e8450;R
d1e8454;B
d1e8459;R
d1e8464;B
d1e8469;R
d1e8476;R
d1e8484;R
d1e8489;B
d1e8494;B
d1e8499;R
d1e8504;
d1e8510;R
d1e8514;G
d1e8517;G
d1e8522;G
d1e8525;G
d1e8528;R
d1e8534;G
d1e8537;
d1e8544;R
d1e8549;G
d1e8557;G
d1e8564;
d1e8570;G
d1e8577;G
d1e8583;B
d1e8590;G
d1e8598;B
d1e8602;G
d1e8610;B
d1e8615;B
d1e8626;R
d1e8634;
d1e8653;
d1e8668;R
d1e8680;R
d1e8685;R
d1e8690;R
d1e8706;
d1e8715;R
d1e8722;
d1e8728;G
d1e8735;
d1e8740;R
d1e8748;G
d1e8753;
d1e8760;R
d1e8766;
d1e8778;R
d1e8787;R
d1e8793;
d1e8800;G
d1e8813;G
d1e8818;R
d1e8823;B
d1e8831;B
d1e8835;B
d1e8842;B
d1e8845;B
d1e8852;G
d1e8859;R
d1e8866;G
d1e8878;R
d1e8885;R
d1e8890;R
d1e8897;
d1e8901;
d1e8909;R
d1e8912;R
d1e8919;B
d1e8924;R
d1e8930;G
d1e8937;R
d1e8944;
d1e8949;
d1e8958;
d1e8965;R
d1e8968;
d1e8973;
d1e8979;
d1e8985;
d1e8988;
d1e8991;
d1e8999;
d1e9004;
d1e9009;
d1e9014;
d1e9019;
d1e9026;
d1e9034;
d1e9037;R
d1e9042;
d1e9050;
d1e9063;G
d1e9068;
d1e9071;G
d1e9076;G
d1e9081;R
d1e9092;
d1e9096;R
d1e9101;
d1e9106;
d1e9114;
d1e9119;
d1e9122;
d1e9129;
d1e9137;
d1e9143;
d1e9146;
d1e9151;
d1e9154;
d1e9159;
d1e9167;
d1e9173;
d1e9176;
d1e9179;
d1e9184;
d1e9188;G
d1e9193;
d1e9200;
d1e9217;G
d1e9222;
d1e9229;
d1e9232;
d1e9236;
d1e9241;R
d1e9244;G
d1e9250;R
d1e9255;
d1e9264;G
d1e9273;R
d1e9280;R
d1e9287;R
d1e9292;R
d1e9298;
d1e9305;R
d1e9311;R
d1e9324;R
d1e9332;
d1e9338;R
d1e9373;R
d1e9378;
d1e9381;R
d1e9386;B
d1e9393;B
d1e9396;B
d1e9403;
d1e9409;
d1e9415;R
d1e9423;
d1e9429;G
d1e9438;
d1e9446;
d1e9453;R
d1e9461;
d1e9466;R
d1e9474;
d1e9479;R
d1e9484;
d1e9490;
d1e9493;
d1e9498;R
d1e9508;
d1e9511;R
d1e9517;R
d1e9525;G
d1e9533;
d1e9539;
d1e9544;G
d1e9550;
d1e9553;
d1e9556;
d1e9561;R
d1e9568;
d1e9572;
d1e9577;
d1e9582;
d1e9588;
d1e9599;
d1e9607;
d1e9611;G
d1e9616;R
d1e9621;
d1e9624;
d1e9634;B
d1e9640;
d1e9648;
d1e9651;R
d1e9659;G
d1e9662;R
d1e9669;B
d1e9675;
d1e9680;
d1e9683;
d1e9690;
d1e9694;
d1e9702;R
d1e9707;
d1e9714;
d1e9735;
